id;first name;last name;gender;dob;street;city;state;country;zip;email;phone
101;Lewis;Drake;Male;10/29/1959;Navew Boulevard;Fuziugi;VA;ME;37598;hipoffo@jowi.hu;(489) 698-6532
102;Josephine;Potter;Male;5/29/1976;Robtic Extension;Vocwadu;CO;CW;47073;bun@ol.sn;(905) 747-2796
103;Carlos;Hoffman;Male;5/12/1973;Canuf Turnpike;Iriizfi;WA;SJ;71238;pebibwet@lutbosez.vn;(973) 424-3707
104;Amanda;Kelly;Male;10/16/1968;Mimjuj Ridge;Heduvtap;CT;SV;23161;lusju@uvnu.bo;(219) 757-7576
105;Janie;Dean;Male;10/24/1981;Herad View;Ehrisi;MN;CW;89163;jigilumow@apowipnu.bb;(838) 943-4724
106;Rosetta;Barnett;Male;9/10/1990;Vuge Trail;Hotauv;MO;SR;58475;istak@uwairveg.ci;(733) 705-9541
107;Lucas;Day;Male;1/24/1963;Homo Boulevard;Aliuztom;DE;EC;24299;muzaem@zotusu.pg;(926) 775-2981
108;Edna;Mendoza;Female;11/25/1990;Seso Plaza;Itsorit;OR;CI;32129;zujze@gimwebo.at;(585) 306-2816
109;Julian;Gilbert;Male;1/17/1975;Wojug Point;Vifapmuf;VT;EG;75332;na@zakboj.io;(750) 892-8677
110;Brett;Graves;Male;1/18/1967;Ozgiz Way;Jimueh;NY;NA;61337;wewuffob@cuevmoz.ss;(646) 533-6620
111;Emilie;Wagner;Female;10/2/1977;Abris Terrace;Wuvgecu;WV;AR;10323;imo@cohubo.cn;(574) 988-6412
112;Bettie;Clarke;Female;12/8/1966;Suupu Boulevard;Nofawi;DE;GQ;77803;to@ipode.vu;(603) 337-1771
113;Ola;Burns;Male;10/11/1983;Wuhaf Center;Uletusfeh;MN;SN;54488;data@efato.yt;(324) 853-9184
114;Essie;Bass;Male;6/6/1991;Sevor Junction;Vehitar;MO;IR;54448;ded@dib.ie;(657) 306-6303
115;Caroline;Rogers;Male;1/9/1998;Pila Street;Vugvuij;NV;BJ;01994;bot@fophuf.ao;(803) 473-2361
116;Peter;Edwards;Male;9/15/1970;Mafki Turnpike;Perdami;IA;GI;57227;gopmaj@hum.eg;(459) 274-2745
117;Alejandro;Soto;Male;11/24/1997;Jorolu Highway;Ungatpur;NV;HK;47608;wimazmi@bilo.qa;(409) 314-2164
118;Leah;Bridges;Male;8/15/1957;Hizzoz Parkway;Julgusrar;OH;GU;35848;ulfedi@du.bq;(786) 336-7696
119;Eula;Watts;Female;3/26/1991;Rezlih Ridge;Johrijo;LA;UG;78018;jil@kuselo.bv;(750) 412-9652
120;Barry;Young;Female;6/29/1985;Socu Junction;Cecsasobu;KS;FM;44980;tik@suframluv.nf;(862) 658-5589
121;Sylvia;Stevenson;Female;12/4/1976;Vanve Boulevard;Wupuzzi;MA;LI;77380;hon@ozpahhal.sv;(615) 862-6124
122;Cordelia;Lloyd;Male;3/11/1993;Ipivo Pass;Rujkoig;CT;GG;68952;kocu@etzo.pt;(265) 721-8300
123;Evan;Keller;Female;12/25/1966;Fahze Junction;Cazbillu;TN;BJ;77648;bezwak@eli.ad;(503) 245-7192
124;Angel;Snyder;Male;11/10/1999;Kovek Boulevard;Pobafaj;CA;TM;06141;di@mus.cg;(632) 964-2820
125;Mabelle;Holloway;Male;1/11/1967;Goptas Highway;Egowejifi;AR;MT;46208;cuczafu@pessabuj.sk;(982) 277-6576
126;Dean;Owen;Female;4/16/1986;Hemun Heights;Bildafbuz;IA;FR;39607;macbi@nalogmu.fo;(620) 705-7716
127;Ida;Jordan;Male;5/23/1976;Ezabi Court;Cerorwi;WY;BB;86758;di@imcosfot.pl;(913) 346-6950
128;Fred;Lloyd;Female;11/28/1963;Ifguj Court;Suwohzag;OK;GN;39989;obonuh@biboclak.cr;(379) 468-9672
129;Bill;Owen;Female;1/11/1954;Faemi Loop;Zaliek;AL;MT;73944;herus@fudo.com;(327) 390-1623
130;Mable;Curtis;Female;12/1/1983;Ofonot Mill;Bawotig;IL;SR;01387;molaeta@gakeaja.net;(765) 927-3422
131;Ronnie;Brooks;Male;9/22/1965;Wagta Center;Weghomcal;NJ;ZM;03720;zusraccuc@ivsoij.va;(826) 336-3187
132;Hunter;Johnston;Male;7/6/1967;Huwi Path;Jacorzad;SC;BI;94996;civarem@kekpuc.kg;(203) 975-8566
133;Joel;Hines;Male;7/29/1963;Fawce Highway;Lewivdo;OH;SK;09580;sahi@fiuhi.do;(954) 422-3124
134;Annie;Maxwell;Male;3/5/1987;Vewe River;Lucefu;NC;GQ;27297;ko@nontugbiv.gn;(518) 332-6464
135;Jayden;Morales;Female;3/4/1996;Guma Plaza;Zejidaaho;NH;VA;48314;tupruk@gu.gs;(231) 854-4055
136;Ida;King;Male;1/26/1982;Vava Place;Funahev;KS;CV;88296;muc@nu.td;(604) 430-6207
137;Ina;Adkins;Male;8/7/1957;Pebbi Pike;Botopoh;LA;LA;20444;miz@dabuj.fi;(325) 705-9744
138;Barbara;Goodwin;Female;5/7/1953;Fopa Ridge;Geadedol;MS;ST;70861;ziv@ninah.sg;(660) 729-5153
139;Ada;Johnson;Female;1/31/1972;Fiktir Avenue;Ropcufzi;NH;OM;77535;rim@vo.mp;(300) 782-7405
140;Shane;Stewart;Female;11/27/1958;Fomo Highway;Gotiwila;KY;UA;78397;iri@tijsihze.bt;(271) 346-7273
141;Zachary;Hunter;Male;3/3/1958;Binem Manor;Tilhuwa;WA;MK;82437;epapikicu@lagtidol.pr;(714) 460-8585
142;Celia;Chavez;Female;6/27/1976;Akivu Pike;Mosobefe;KS;PT;00867;jufodti@eho.com;(382) 397-4132
143;Gussie;Walker;Male;2/26/1964;Hidok Junction;Intepoh;KS;LC;15987;aji@ciw.net;(845) 539-1166
144;Clyde;Porter;Female;10/29/1966;Nekeh Loop;Kogesobu;MD;CD;28359;acano@daizuze.je;(237) 930-9340
145;Seth;Briggs;Female;8/17/1984;Fine Path;Hacmaac;WV;IO;64909;wes@ti.mq;(432) 511-1668
146;Devin;Logan;Female;3/23/1954;Molaf Mill;Bupalrus;SD;AT;92259;muuzto@obi.ai;(228) 682-4265
147;Edna;Collier;Female;1/3/1984;Lezag Avenue;Vuwtokjik;CA;LS;97429;ko@leno.jm;(805) 475-2739
148;Noah;Allen;Female;6/21/2000;Zout Manor;Kovace;NC;CM;89858;ohudegor@tagobod.lr;(377) 423-1817
149;Charlotte;McCormick;Female;10/14/1997;Efve Glen;Azabimo;ID;GS;22786;me@lac.am;(519) 443-1086
150;Kevin;Nguyen;Female;9/28/1976;Usewop Pike;Cuucadaf;UT;PY;32799;cijo@if.pm;(703) 784-2203
151;Adelaide;Pittman;Female;7/23/1988;Ucanev Circle;Uwreev;UT;FK;23799;jujvuzkal@fepdagu.lt;(370) 574-1309
152;Donald;Roy;Male;2/19/1957;Pili Loop;Siabbe;NJ;BD;96445;gok@muzvaf.ms;(814) 876-7097
153;Willie;Moore;Female;2/3/1963;Navog Ridge;Menfucaz;MA;LY;59213;sovez@onehi.gt;(260) 721-7784
154;Delia;Clayton;Female;9/9/1965;Luki Boulevard;Juzekdi;TN;MS;58198;hecidap@gu.jm;(361) 624-6173
155;Phillip;Adkins;Male;7/10/1988;Vebos Pike;Dofieva;VA;NF;30559;futunur@opaub.sb;(806) 416-3173
156;Marion;Patterson;Female;2/12/1996;Jipda Terrace;Edvieb;VA;CU;24419;reavize@si.pm;(945) 204-3183
157;Carl;Huff;Male;2/4/1979;Gikzi Park;Civouwo;LA;KG;68707;mihlogiz@lodmahin.gh;(841) 659-1202
158;Calvin;Adkins;Male;2/24/1955;Huehu Square;Jizbemod;CO;MO;95066;sum@teluliv.hu;(860) 429-6289
159;Cordelia;Horton;Female;1/26/1955;Hafsap Point;Zoruag;WY;CU;33493;kiw@etmi.su;(861) 548-8887
160;Shawn;Joseph;Female;5/21/1963;Ucufot River;Cumuka;SD;MU;68696;mi@wiwuw.np;(723) 763-2151
161;Elsie;Hunter;Male;8/26/1968;Nigdot Plaza;Famida;KY;KH;31286;uvagihpun@cephorulu.om;(441) 722-1158
162;Shane;Garrett;Female;9/25/1961;Amobi River;Zunubpo;VT;MU;32641;ujahec@ohmo.nz;(463) 257-3111
163;Lilly;Roberson;Female;7/23/1981;Wanok Glen;Oziehurun;UT;BJ;19637;cejsij@bet.ls;(941) 574-4343
164;Rosie;Reese;Female;11/27/1971;Wuwmej Court;Kockovin;MS;KI;63645;razoppo@ba.km;(879) 895-8982
165;Jackson;Webb;Female;2/16/1968;Tokka Way;Ikmiraz;IA;GG;55994;aghaf@vilo.ua;(408) 859-3093
166;Olive;Long;Male;3/3/1953;Koifu Boulevard;Riidiawe;SC;LB;31150;kut@sudojo.ir;(966) 767-1850
167;Etta;Moody;Male;10/1/1962;Otme Road;Ijkolpi;HI;TH;28754;gi@voradluf.aw;(957) 766-2097
168;Ellen;Scott;Female;11/7/1970;Hused Place;Gunuherav;OH;XK;59808;afa@okauhouvi.pl;(972) 521-9726
169;Kenneth;Olson;Female;2/5/1963;Mube Glen;Iligobu;MD;RE;56907;dafonar@abaipke.my;(621) 402-7132
170;Landon;Tucker;Male;12/1/1987;Alke Grove;Lusjuva;OK;SO;88985;vi@zir.lu;(587) 526-2545
171;Lora;Conner;Female;3/3/1978;Vaon Manor;Ozeerujo;DE;SK;25475;atare@kahgukhar.tn;(319) 927-8485
172;Josie;Kennedy;Male;12/3/1954;Kirvoc Avenue;Juughu;LA;ES;54133;eliwa@bufgieci.mw;(717) 904-4865
173;Irene;Jackson;Female;11/3/1979;Zuhke Square;Cakimdoh;WA;HK;13842;uc@dic.ph;(883) 212-3250
174;Eula;Casey;Female;4/29/1966;Utno Loop;Sijirpow;MI;UA;82829;gi@cewas.an;(982) 983-1424
175;Dale;Erickson;Male;1/7/1957;Wijja Manor;Gurokidi;HI;BM;09531;neceheda@lalweppi.ba;(751) 677-6661
176;Calvin;Nichols;Male;11/5/1994;Cisul Heights;Vomzuaw;NC;GB;30281;widzug@huw.af;(869) 746-5210
177;Eugenia;Sharp;Male;8/12/2000;Cobeda Extension;Pinnevil;LA;CM;42248;mazosom@zof.bm;(378) 693-1566
178;Gary;Ball;Female;9/21/1980;Zuvna Point;Honiwe;DE;DO;28449;gop@ke.ky;(974) 803-6935
179;Olga;Malone;Female;11/29/1978;Bagu Drive;Vupawhi;TX;CH;27823;bozmu@jojel.nc;(970) 767-4532
180;Mabelle;May;Female;10/14/1986;Daso Terrace;Purbasdoz;PA;GM;25431;vot@vej.ee;(965) 826-3375
181;Shawn;Hammond;Male;8/23/1978;Ezla Grove;Gaenebe;UT;NG;36209;sulethow@gostuje.bd;(855) 982-4918
182;Charlotte;Ball;Male;10/1/1968;Ebhiz Manor;Fifiru;MA;CC;78314;dewet@nis.la;(349) 873-7448
183;Clayton;Allison;Male;1/2/1956;Goezi Mill;Udemaz;MN;CX;93796;jorve@ifmoig.kw;(501) 431-1876
184;Owen;Keller;Female;9/21/1991;Jaho Plaza;Fujbabjov;CT;DK;65053;ka@agajawus.hu;(607) 274-2033
185;Scott;Shaw;Female;6/23/1959;Fimos Circle;Necivkir;WY;AM;09689;si@hol.fk;(746) 679-1069
186;Glenn;Smith;Female;12/11/1998;Kisuj Road;Darcehpov;WY;SM;08984;asuto@mujfuhad.ao;(674) 620-5883
187;Henrietta;Baker;Female;11/11/1953;Kuwsuh Heights;Begzaguc;IA;DJ;86486;okjelob@habeb.pn;(736) 278-6759
188;Jacob;Greene;Male;1/10/1991;Alaoz Point;Piteslut;RI;KG;48065;cudcuzi@isuhezrec.bn;(521) 429-1115
189;Eva;Wilkerson;Female;8/14/1976;Cemva Glen;Elohorina;MT;GH;54350;po@fafva.td;(982) 775-3755
190;Dennis;Quinn;Female;6/7/1979;Huvro Point;Bulpehof;OK;HU;45324;petnef@zedim.hr;(665) 434-5370
191;Max;Moore;Female;12/8/1980;Dopuf Parkway;Sorbevveg;NH;PY;29086;lazuvi@eloujowa.it;(530) 941-5298
192;Isaiah;Thomas;Male;9/19/1974;Bokna Heights;Acseva;AK;CW;64658;it@azourla.gu;(985) 860-1340
193;Donald;Bryan;Female;8/26/1960;Nuvot Court;Meovfis;OH;CN;81447;cokolaw@buha.wf;(668) 973-2892
194;Bruce;Dawson;Male;9/4/1981;Akvar Lane;Boujeew;IL;BL;99735;gi@wokev.mk;(754) 447-2814
195;Bobby;Sanders;Male;10/15/1992;Mucdo Junction;Jurzazeru;HI;AR;34659;buk@rag.kn;(922) 362-9752
196;Steve;Lowe;Female;11/22/1996;Viepu Center;Wamovevo;IN;SE;09077;tofajfit@kiawa.om;(670) 560-7204
197;Minnie;Wheeler;Female;4/2/1998;Gasa Court;Nenepip;TX;SN;68591;vu@mohnot.gl;(888) 335-6569
198;Caleb;McGee;Female;5/23/1953;Nahfem Glen;Adlinjid;NM;SY;42089;ven@wu.cm;(636) 303-8188
199;Manuel;Caldwell;Female;2/13/1981;Orumen Square;Cekafa;AZ;KW;32317;wijtiip@lo.mc;(416) 908-4211
200;Gary;Roberson;Female;1/19/1990;Tarot Mill;Funugivi;MO;MT;63665;amozik@pev.hu;(875) 514-2862
201;Birdie;Cunningham;Male;2/16/1962;Pizab Loop;Keklubvu;OR;TL;97951;onugewom@ekha.sy;(940) 634-8227
202;Harry;Garner;Male;12/8/1967;Zuzur Street;Bereves;AL;GW;55629;ce@tika.eg;(585) 733-6672
203;Verna;Stewart;Female;4/22/1969;Ozafag Loop;Tosuni;MI;KG;19705;afimupak@avu.lb;(885) 660-5369
204;Loretta;Clayton;Male;1/20/2000;Zimhib Point;Jewlaej;IA;FJ;70831;ehogo@tocifal.tc;(513) 238-8744
205;Caleb;Santos;Female;3/25/1958;Usujir Grove;Icuhodnol;WV;PT;11222;retkorid@vofe.pa;(881) 950-1264
206;Caroline;Harper;Female;1/28/2000;Toli Terrace;Jopcoffiz;KY;LC;80867;gudoemo@bi.mx;(445) 356-4447
207;Travis;Stanley;Female;2/19/1960;Seiru River;Takesida;GA;IC;28852;ra@aka.dk;(678) 232-7709
208;Grace;Powers;Female;6/4/1959;Vepe Trail;Afgofo;AL;AR;53822;fe@tabjul.tk;(564) 778-7753
209;Jennie;Gonzales;Female;10/28/2000;Cecfos Center;Anuiwsam;MA;ZW;16794;vuceczaj@pemiat.cy;(377) 729-9344
210;Pearl;Weaver;Female;3/25/1979;Simce Pass;Runzusoc;CT;GS;87058;korpo@ufifun.pr;(451) 335-3700
211;Dorothy;Flores;Male;3/2/1973;Puzje Extension;Zowjiwod;AZ;CI;18808;icbobpa@seb.bo;(725) 992-3130
212;Charles;Newton;Female;7/27/1961;Ichul Plaza;Varuweh;AK;KH;30615;nuro@pumu.cv;(825) 566-8955
213;Nathaniel;Bryan;Female;9/23/1970;Nafom Park;Unbuvma;MT;GG;84022;fu@ip.tz;(382) 293-9529
214;Sadie;Oliver;Female;7/4/1979;Tuahi Path;Umceciz;NV;DK;97741;uh@junticu.lc;(437) 451-4774
215;Bess;Joseph;Female;3/6/1959;Uniles Street;Opaopleg;NE;NL;89872;rig@um.fo;(864) 699-3059
216;Chase;Gordon;Female;5/21/1967;Rehkef Drive;Ficutome;OH;BI;40312;naphu@po.gi;(608) 494-3189
217;Kyle;Rhodes;Female;6/16/1968;Lijvog Center;Cetidac;RI;SY;88015;tauf@fi.lv;(819) 900-8176
218;Verna;Jensen;Female;10/27/1985;Disod Heights;Uwafauku;VA;RS;38412;zeirmu@avmu.ky;(432) 541-8925
219;Danny;Oliver;Female;12/11/1985;Data River;Ovmauz;NV;LU;34015;meswupe@norot.gn;(903) 797-7885
220;Jean;Casey;Male;2/6/1991;Todli Way;Kasosin;MT;FJ;97288;golpizdod@leopma.pg;(262) 597-1857
221;Adam;Collins;Male;1/13/1963;Tuwi Street;Fupuki;VA;UG;49609;favdotec@cirovnak.cu;(342) 316-2877
222;Francis;Bridges;Female;6/29/1953;Ohad Highway;Oppaufi;OR;FK;70105;bimagiz@ereeru.ye;(832) 355-2113
223;Rebecca;Briggs;Male;7/9/1989;Ilanak Turnpike;Huhosnob;NY;ID;71824;meodo@rignavka.ro;(672) 720-2539
224;Elmer;McDonald;Female;1/13/1983;Ropos Circle;Ekfiibo;ME;TD;83922;ilenaun@isu.ph;(687) 232-3280
225;Tommy;Evans;Female;2/22/1970;Rati Mill;Rokilted;HI;AU;25846;geila@sedapini.be;(506) 356-1633
226;Connor;Turner;Male;4/18/1977;Juin Center;Ozavemeb;IL;PK;56933;mucuc@urrup.dz;(500) 779-4724
227;Madge;Gutierrez;Male;6/26/1985;Paslad Highway;Ecekagwob;NH;TV;32644;giim@ucojibfo.nz;(643) 834-8402
228;Claudia;Webb;Female;6/22/1956;Ubiged Point;Kikoev;MI;AT;90456;vat@daploc.ca;(803) 488-7483
229;Tom;Holland;Male;6/27/1975;Ofolap Street;Zeblepva;OH;SI;93266;peta@diciw.gt;(520) 211-9552
230;Brent;Wilkerson;Male;12/12/1980;Zupi Path;Kuakebik;OK;CO;37727;tud@dunoheci.ph;(500) 587-3852
231;Cody;Lynch;Female;4/25/1987;Hawuh Mill;Zotalek;DE;NR;92655;bekpun@ligocub.ki;(426) 223-4582
232;Logan;Nunez;Male;2/3/1974;Vutpop Parkway;Arwawze;IL;CM;69934;cucamwi@zibhemri.org;(426) 793-3537
233;Mason;Grant;Male;1/13/1981;Ofuko Loop;Refava;UT;TA;27609;mapa@woho.bf;(358) 374-8648
234;Adrian;Chandler;Female;4/6/1983;Nahlu Court;Zomsohew;AL;NO;64441;puah@hapan.cv;(432) 418-5015
235;Isaiah;Rodgers;Male;1/25/1991;Siwvo Glen;Rucahke;CT;FM;57915;uhofi@ujo.nf;(843) 737-2561
236;Zachary;McBride;Male;10/2/1978;Nipzel Loop;Vocidgoj;AK;VC;71685;bibejgo@siwped.bd;(458) 451-1216
237;Eleanor;Walters;Female;1/27/1959;Meowo Drive;Giwegi;ID;MM;74989;re@ze.cm;(281) 817-1997
238;Blanche;Rodriquez;Male;12/2/1958;Sipi Lane;Sekobuj;TN;DK;13448;wallil@leborcek.pn;(424) 857-6316
239;Lela;Chambers;Male;2/17/1965;Ogzo Plaza;Vigatna;SD;MH;43540;ipca@zunejup.kn;(433) 204-9154
240;Edna;Singleton;Female;7/8/1992;Bijwu Avenue;Veinoezi;WI;SB;50564;wuw@hiszaved.su;(473) 608-8101
241;Garrett;Lucas;Male;10/31/1964;Mupo Heights;Suwucar;WY;MT;21871;capem@gom.mw;(605) 570-3676
242;Rosalie;Medina;Female;1/6/1972;Asado Road;Pawuocu;WV;PG;57447;capof@donhujun.ro;(844) 422-5932
243;Alex;Gill;Male;8/8/1969;Bekhi Avenue;Lakepdib;GA;MQ;58139;du@mopfa.va;(413) 323-5907
244;Georgie;Lee;Female;10/18/1961;Koer Lane;Ikbubud;OR;YT;35162;apuwbab@cewcuro.tz;(451) 433-1056
245;Michael;Torres;Male;8/11/1974;Cimo Lane;Orginu;AK;BS;63142;neeki@bocufe.bs;(549) 781-7446
246;Ophelia;Zimmerman;Male;4/1/1970;Ivuzik Grove;Dokowa;AZ;BN;79842;hobacri@gew.ck;(836) 770-9140
247;Duane;Harris;Male;10/29/1980;Tufig Place;Gibkanrek;WA;TO;92125;tuv@tanuh.md;(332) 203-2084
248;Clara;Hicks;Female;5/3/1956;Iglu Boulevard;Amusuro;NM;BW;80070;gib@celugu.ac;(605) 746-8145
249;Ralph;Frank;Male;7/5/1967;Fuwna Turnpike;Hulfogaf;MD;CC;65469;towe@gu.es;(579) 649-3139
250;Derek;Freeman;Male;1/31/1953;Vumow Square;Fifove;LA;LR;86200;cop@morip.mq;(907) 606-1349
251;Dennis;Stevens;Male;4/17/1997;Fuvub Turnpike;Zinwedvag;TX;IC;57884;jir@cepig.cr;(607) 816-9850
252;Sadie;Ortega;Male;6/16/1978;Nupfed Highway;Zuwbuhse;UT;TN;06848;lickubo@vapmefak.tr;(334) 485-9351
253;Rachel;Sandoval;Male;12/29/1996;Kiawa Junction;Wigruhe;AZ;NA;34580;iki@boldede.se;(783) 636-8393
254;Brent;Vargas;Female;6/23/1971;Verek Plaza;Behihehe;WI;ID;30870;zovceapu@zenepig.sk;(436) 645-5042
255;Oscar;Cortez;Male;2/6/1985;Vege River;Vubkefe;MA;CG;58513;owo@lunhewo.ec;(852) 273-8414
256;Carrie;Lloyd;Female;11/24/1987;Lipho Way;Surtunoce;WY;JP;81269;wuvepja@dusujtub.mx;(384) 419-2394
257;Luis;Greene;Male;10/3/1972;Vinen Avenue;Owiemlo;VT;CG;76873;sukdu@uvka.np;(203) 901-4029
258;Jeffrey;Wade;Male;4/3/1974;Ladek Center;Rozusovip;WY;AT;69504;nus@we.nf;(780) 411-3280
259;Frank;Robertson;Male;10/24/1978;Tualo Avenue;Takotmo;GA;DM;11830;edcetem@ukva.gov;(750) 408-2838
260;Louise;Harvey;Female;5/13/1959;Fawgu River;Zurbahhe;RI;HT;49337;gas@ri.tp;(616) 608-6831
261;Effie;Salazar;Female;8/15/2000;Negmum Highway;Elegenuv;NH;NP;62885;faz@ep.iq;(786) 489-5817
262;Hulda;Sharp;Female;5/23/1971;Bikof Ridge;Uklorso;NY;SC;49578;kuofa@wofve.om;(915) 664-3432
263;Clara;Roberts;Female;9/14/1965;Lipen Junction;Nulikuol;DC;AL;03362;gavbu@ojasura.ne;(341) 372-9134
264;Kevin;Allison;Female;4/25/1985;Corfe Ridge;Udlimme;AR;SK;41720;bo@visewu.nu;(974) 773-3891
265;Teresa;Myers;Male;3/26/1969;Kilbew Grove;Feamiawi;WV;MY;02953;rapniut@lachodved.hk;(704) 318-3843
266;Alma;Padilla;Female;9/3/1956;Caak Pike;Sosoudo;IN;FK;68889;navdis@piguc.bn;(462) 867-3508
267;Douglas;Goodwin;Female;3/2/1996;Dabzo Extension;Koveaga;IL;MA;58403;soj@zotfat.ly;(301) 367-1629
268;Oscar;Montgomery;Male;1/12/1958;Sokeb Manor;Melrobtan;ID;FO;86946;big@ivetu.kz;(464) 453-6965
269;Mabel;Ramsey;Female;3/21/1967;Hedud Trail;Guztasta;DE;ZW;70979;abi@ku.ws;(548) 759-1841
270;Madge;Ortiz;Male;8/18/1995;Alima Terrace;Mimopdu;CA;KP;32196;titifu@gik.ag;(876) 289-7186
271;Bill;Luna;Male;6/24/1961;Mola Street;Reotgu;WA;CZ;23820;sahuk@foguj.af;(532) 575-5771
272;Barry;Summers;Female;12/17/1987;Piki Pass;Penohefi;WA;TF;64222;jevso@rom.fj;(507) 496-3139
273;Francisco;Briggs;Male;12/9/1957;Dunar Trail;Heunaned;KY;MS;06172;ohuhi@ruwtazew.lu;(928) 327-6944
274;Garrett;Berry;Female;1/2/1964;Hioh Way;Ululaof;WA;IN;75625;zurjulitu@acrowe.cy;(769) 781-8739
275;Emilie;Perez;Male;1/14/1956;Orhu Key;Goderuj;ID;CV;64086;kap@fotvievu.ir;(612) 882-6374
276;Tyler;Harmon;Male;7/4/1975;Haci Extension;Dorile;TN;ES;68774;nugujgu@hi.gl;(742) 948-4250
277;Harry;Wilson;Female;7/9/1970;Kivtiz Street;Ambilek;NV;TW;12260;ribpukgim@vun.iq;(667) 470-8900
278;Gilbert;Freeman;Female;5/30/1961;Hegu Trail;Fivapo;NJ;LC;91007;eweur@nogigpo.pg;(954) 872-8454
279;Jacob;Carlson;Female;9/27/1998;Pigaru Place;Afiocieki;MI;TL;76463;vuf@use.th;(570) 253-3248
280;Phoebe;Miller;Female;11/23/1969;Hutif Point;Hakoha;ND;CD;99155;bu@ze.zm;(989) 914-3437
281;Andre;Fox;Male;1/7/1967;Cehwa Way;Icazawak;VT;MS;53860;ru@hegweced.ae;(402) 783-8923
282;Jerry;Greer;Female;9/28/1983;Tiwe View;Ruppuztek;WY;BO;28608;kughih@donadaje.zm;(549) 748-6894
283;Bessie;Figueroa;Male;6/5/1992;Seggir Street;Favrowbiv;DE;SS;96066;dem@wofofu.mz;(412) 244-6542
284;Celia;Lamb;Male;8/1/1959;Abbic Pike;Apazepu;WI;SS;84930;eh@puhe.lc;(282) 436-9946
285;Isabella;Schmidt;Female;5/23/1966;Ovigin Ridge;Ammuob;IL;MO;70648;hudapipo@baov.an;(221) 787-4289
286;Sally;Lindsey;Female;2/25/1960;Redik Heights;Likevas;VT;LC;80079;fodcur@na.hm;(485) 475-2189
287;Stella;Jacobs;Female;3/18/1953;Wafama Boulevard;Satuti;CT;AL;42707;deulho@mirtivme.np;(962) 668-7960
288;Bradley;Burns;Male;1/5/1985;Kurcet Avenue;Gesoteve;IN;BF;25136;nampopfud@ujehono.sv;(709) 318-9155
289;Fred;Freeman;Male;2/23/1984;Udji Park;Letdose;VA;VE;46056;teskopino@diw.et;(623) 686-6940
290;Connor;Stewart;Female;6/10/1971;Mezur Point;Mureiz;KY;DJ;00995;baewamul@otazicep.rs;(356) 792-3905
291;Jay;Yates;Female;5/13/1992;Pizfer Heights;Utuokeno;TN;CR;07046;hudaana@sajzeso.mx;(778) 958-8998
292;Kate;Higgins;Male;5/17/1988;Vitvu Pike;Libizok;ME;SK;53274;loit@ubdutpop.st;(974) 505-5847
293;Dora;Brock;Male;7/24/1994;Wekap Drive;Nasocuta;GA;PW;64294;otlawa@ret.mp;(886) 376-3111
294;Oscar;Hart;Female;9/4/1965;Rowra Trail;Fopipfeh;GA;SE;96311;fujufsit@gasiwah.tz;(518) 932-3607
295;Carl;Collier;Female;3/25/1964;Nuren Plaza;Tafuve;CT;MF;83327;am@etwaba.ht;(979) 988-2257
296;Nell;McBride;Female;4/27/1966;Josan Parkway;Welarute;DC;CZ;90467;si@jogot.ir;(714) 742-2427
297;Sue;Barton;Female;6/16/1981;Ikesed Ridge;Gabujur;MD;IO;58252;oda@ekeda.nf;(532) 661-7704
298;Mittie;Becker;Female;12/13/1999;Buez Turnpike;Nacvutvic;HI;MP;22746;behdepbi@faca.ni;(389) 875-8629
299;Dorothy;Delgado;Male;6/12/1979;Pohca Pike;Deserbow;ME;AI;27179;celom@tede.hu;(441) 219-4178
300;Fred;Garner;Female;8/31/1985;Jevfaf Junction;Rapomal;IA;AX;89493;cad@ivuigce.pa;(488) 308-9418
301;Emma;Powers;Female;4/11/1989;Liofa Junction;Wuvbuom;SC;TH;47896;azejuzviv@jolgocsed.aw;(929) 506-3013
302;Erik;Paul;Male;12/19/1992;Ciwkuv Turnpike;Hefsuvpu;TN;BZ;92725;ge@epaoz.eu;(639) 811-2726
303;Juan;Fox;Female;2/10/1988;Efeol Manor;Raceah;FL;RU;12276;pe@jahpe.bj;(980) 716-2313
304;Julia;Terry;Female;2/10/1992;Dujoh Parkway;Vuggaiv;ND;LR;53662;dalerim@laduvnib.tm;(227) 560-9446
305;Lester;Rhodes;Male;11/26/1999;Hamog Pike;Ahijeeji;AZ;HT;83277;fu@radlaove.lv;(717) 245-4764
306;Michael;Kelly;Female;11/19/1959;Kulob Highway;Vukigoj;GA;SI;13246;gompec@tockam.io;(488) 552-3835
307;Isaac;Grant;Female;6/7/1971;Nildor Square;Gakofba;TX;KN;86750;alomiku@tasoj.hn;(941) 575-8324
308;David;Howard;Male;1/30/1973;Obiar Place;Pongami;OR;WF;10025;se@epeif.bj;(552) 537-9847
309;Jorge;Delgado;Male;4/30/1990;Babgo Place;Wusonjet;MO;MC;48169;buv@mafa.al;(980) 912-1417
310;Eunice;Williams;Male;3/2/1964;Bonih Extension;Ragunme;OR;CG;59671;tamjo@uggurfe.co.uk;(546) 342-8314
311;Lina;Mann;Female;8/21/1960;Puzku Center;Jebolip;DE;BA;67332;nokin@adgocfuf.mk;(743) 272-2433
312;Christian;James;Female;9/4/1974;Focba Street;Cowurvep;MA;AM;34758;irzuusu@setvurzeb.ec;(476) 217-8760
313;Millie;Owens;Male;7/6/1973;Hifo Circle;Maufcum;TX;CI;50505;kufkisob@nobtud.sa;(304) 439-8759
314;Pearl;Lyons;Female;8/26/1960;Baep Avenue;Esrudgo;OH;GN;80009;janoc@gautefem.si;(972) 835-7438
315;Harriet;McBride;Male;3/19/1963;Azelav Drive;Dehiluco;IL;AF;36868;ziiz@be.pk;(305) 551-6308
316;Eliza;Moss;Female;2/1/1957;Leki Point;Hukgahab;TN;TA;30847;fe@feke.nz;(824) 820-3078
317;Nettie;Larson;Female;1/11/1984;Raddo Lane;Hescespud;CA;JO;89045;ulba@osa.to;(753) 374-1031
318;Linnie;Drake;Female;3/16/1986;Lajor Circle;Pivohze;MA;WF;81221;kabew@ticecesis.za;(539) 359-7389
319;Etta;Gross;Female;8/2/1990;Buzor Manor;Medmozsoc;VA;TO;13246;ohe@def.ky;(258) 637-2266
320;Delia;Cole;Male;10/16/1964;Loep River;Sufsoda;VA;BM;93096;difad@bapmepek.km;(685) 583-9050
321;Allie;Jacobs;Male;11/25/1988;Wama Ridge;Uciotece;LA;SS;82909;wij@ulofe.hu;(484) 249-5602
322;Winifred;Rice;Male;6/24/1997;Refisi Highway;Fofufhev;MO;LT;02913;laof@naj.dz;(732) 680-8214
323;May;Zimmerman;Female;9/4/1967;Cinjet Turnpike;Nemtihbe;FL;FJ;27007;ze@sof.ph;(337) 377-9182
324;Bill;Jacobs;Female;6/19/1987;Kaso Street;Dowubo;IN;QA;07125;kugi@luda.sa;(614) 641-4920
325;Hunter;Sims;Male;1/30/1990;Kiara Highway;Keerona;KS;BI;73596;sod@obuwa.tt;(441) 973-6730
326;Ralph;Myers;Female;5/23/1974;Adoka River;Risamnof;DE;MF;15918;mak@ko.io;(275) 737-8251
327;Grace;Knight;Female;6/18/1959;Zimuv Boulevard;Cietuho;WY;FO;48320;lip@ciunu.edu;(508) 712-3253
328;Lelia;Hayes;Female;11/4/1982;Dangof Lane;Jahegno;NV;LK;22638;opi@kam.vi;(538) 850-8194
329;Dominic;Bush;Female;5/8/1968;Vole Ridge;Gabfute;MD;SV;38350;ta@titalji.pn;(414) 384-1683
330;Adrian;Craig;Female;5/14/1969;Tareb Plaza;Joimfe;NH;UG;79622;duwaj@eme.de;(231) 999-7479
331;Andre;Nelson;Male;11/5/1998;Tihi Point;Ejejtuk;OK;BB;21287;ves@uj.eh;(339) 382-2050
332;Minnie;Henderson;Female;6/6/1982;Rovfe Place;Upisioju;MT;MQ;24497;hiwpap@apon.ke;(778) 565-6925
333;Elnora;Mendoza;Male;3/28/1953;Cisin Mill;Afucogwu;ME;CI;45193;poabsej@bohawkod.nc;(668) 685-5359
334;Billy;Griffin;Male;5/26/1966;Cezni Ridge;Bivuoce;UT;NU;58183;bemud@vige.pm;(414) 424-6565
335;Dylan;Adkins;Female;8/14/1962;Lokdal Ridge;Egkajek;TX;LA;73570;voicru@hujah.af;(324) 393-4826
336;Edwin;Perez;Female;9/4/1993;Lomti Boulevard;Vemuzuj;AK;IC;02389;mig@mo.tp;(704) 614-4937
337;Francisco;Wong;Male;1/2/1967;Cahin Manor;Dobhepgu;NM;AE;05223;rafkape@ren.sr;(962) 765-1466
338;Hilda;Webb;Female;8/29/1995;Jusna Turnpike;Acuodvot;UT;VN;35812;be@ah.ge;(421) 599-9512
339;Jerry;Lowe;Female;6/19/1985;Cuje Junction;Arjibwur;RI;UZ;71620;vul@peul.mr;(922) 304-6979
340;Bruce;Moran;Female;6/14/1975;Isnor Lane;Ehfijpa;NH;IR;05047;telota@ibi.cd;(446) 663-7327
341;Chester;Holmes;Male;8/13/1991;Sivuvu Park;Lucvuov;LA;GE;37825;bi@pubraadu.gu;(813) 686-3503
342;Andre;Davidson;Female;4/12/1999;Zidfol Glen;Gapjifom;SC;RW;66597;avtopmug@mascaf.sb;(441) 592-9891
343;Mason;Barton;Male;9/25/1995;Offa Junction;Fuharow;MN;IO;04169;joaju@mi.ac;(977) 979-4788
344;Mattie;Lloyd;Male;1/7/1968;Itapa Highway;Arisihmu;NE;CZ;99985;diwpe@to.pa;(344) 900-6108
345;Francis;Bailey;Female;3/20/1974;Ipopag Glen;Dejica;DE;VN;91262;ca@kikpe.gi;(404) 343-3864
346;Sophia;Todd;Female;9/21/1959;Azehis Turnpike;Sakpoom;ME;VG;31516;gu@feco.ie;(427) 958-1862
347;Julian;Garcia;Female;9/9/1987;Alpel Street;Asamotse;IN;VG;85973;vaji@gusaw.ky;(702) 752-7837
348;Mae;Curtis;Male;3/1/1954;Woul Highway;Pelbejaj;ME;RO;83858;vewved@osojjud.to;(541) 362-8084
349;Rose;Moreno;Female;3/28/1960;Nuwu Grove;Nenuson;GA;UG;70223;osifpab@ceku.kw;(808) 970-1064
350;Mable;Butler;Female;8/27/1997;Fujuj Plaza;Ohubotnom;ND;PR;96356;voiba@mim.ir;(903) 287-1941
351;Lily;Fox;Female;2/25/1969;Vilev Circle;Sasaub;NJ;UA;60482;turajbe@tog.id;(542) 305-4030
352;Marian;Gregory;Male;8/17/1954;Rizuna Court;Veegema;NY;VI;15399;pe@annadnip.np;(839) 903-7231
353;Hattie;Grant;Male;12/8/1974;Zumit Street;Didavci;IN;MS;83073;wavido@wozzoz.edu;(509) 227-1932
354;Della;Stokes;Male;9/13/1982;Agakar Grove;Apukofar;SC;FR;20628;pectirit@selapaih.hn;(454) 570-2649
355;William;Collins;Male;12/11/1978;Tehdo Lane;Ahdofo;HI;LS;13559;evjo@si.au;(602) 913-5721
356;Hannah;Cross;Male;1/15/1960;Fonvub Plaza;Puhuflik;MI;IM;24432;ibora@nebdup.rw;(938) 768-9742
357;Herbert;Graham;Male;2/19/1966;Lobu Lane;Novuoda;NH;RU;95558;kibap@sag.mm;(246) 348-2267
358;Edith;Wheeler;Male;3/18/1970;Jevic Park;Kavaaga;SD;MP;86608;naf@ge.mu;(426) 828-4197
359;Bruce;Bowers;Female;11/8/1984;Lemu Highway;Papigedi;IA;FR;08634;zuh@ak.nu;(452) 308-1483
360;Emilie;Shaw;Female;7/22/1971;Urunaw View;Casivuc;AK;BQ;62339;bukfodvev@iveik.zw;(237) 318-9290
361;Margaret;Dean;Female;11/23/1969;Amomo Parkway;Lanizen;ND;ST;66674;vu@discon.cu;(535) 239-1266
362;Edgar;Wolfe;Female;1/11/1982;Tawkuh Center;Vatjeto;NC;MT;62107;wupliw@tutjebim.gq;(574) 988-3149
363;Sally;Dennis;Female;12/24/1979;Zorov Point;Wonjelu;WA;SI;41188;zebiv@avogfi.uy;(381) 493-1699
364;Cora;Munoz;Female;10/28/1995;Asune Turnpike;Sorigi;KY;HR;80742;guru@ceah.je;(402) 640-3896
365;Lelia;Conner;Female;7/2/1988;Jusi Junction;Negode;TN;LA;12994;difgizlij@ziv.pl;(787) 232-9469
366;Lottie;Lane;Male;9/17/1954;Ubzin Lane;Sojmugod;CO;ES;78372;anaeja@soppiil.co;(512) 417-1440
367;Maud;Weaver;Female;2/6/1973;Risa Place;Izocujse;AL;NF;71678;migogror@mefacivi.fo;(404) 705-5293
368;Gilbert;Watson;Female;12/19/1968;Hasub Pass;Sefpizdot;NJ;KZ;14825;foco@gohtilos.ro;(744) 569-2205
369;Alfred;Stanley;Female;7/16/1994;Diel Heights;Emiwaru;GA;MM;74504;dogoh@tu.kh;(553) 655-9361
370;Marc;Graves;Male;2/3/1960;Mosom Highway;Idvinuh;LA;VC;97841;iba@fagul.is;(663) 832-8843
371;Genevieve;Doyle;Female;5/25/1990;Lavga Lane;Ujulufmil;NY;TO;52559;za@rud.sn;(345) 870-1224
372;Phillip;Gomez;Male;12/5/1994;Dirku Road;Powhaho;CT;RW;42677;mebi@miumige.ua;(536) 657-3409
373;Elva;Reed;Male;9/1/1973;Riles Pass;Gomehuwug;NJ;MR;13844;modhap@ocajuhigi.zw;(489) 558-3157
374;Isaac;Armstrong;Female;4/6/1975;Cafti Pike;Otcirow;NE;KI;09076;adugo@kimilenoh.my;(244) 277-4980
375;Herman;Brock;Female;7/8/2000;Zomceg Way;Bajdopi;NY;AX;67196;eba@ebloina.hr;(351) 803-8815
376;Gavin;Fleming;Female;2/8/1958;Hahig Park;Samgaka;RI;PG;11296;sucmu@ta.lk;(282) 515-8036
377;Brett;Woods;Male;9/22/1962;Hiiw Center;Palvilloc;TX;NR;35775;vi@wipnikgip.kg;(754) 363-9312
378;Marion;Vaughn;Female;8/16/1954;Urfa Trail;Zihlulel;IA;TV;42513;zarmi@vihafaf.re;(226) 323-9722
379;Jorge;Campbell;Female;1/9/1977;Suir Glen;Akdepu;MI;CU;77797;zemcibun@ladozfir.us;(710) 944-2801
380;Duane;Parsons;Female;9/15/1986;Pikzu Boulevard;Wihfepu;OH;IC;20832;refunnu@ifo.mh;(276) 221-8728
381;Sally;Horton;Male;1/24/1982;Rewli River;Vofuno;NE;UZ;35563;babu@osuujaobe.su;(211) 887-6354
382;Jack;Owen;Female;6/22/1978;Jalreh Highway;Temodi;IN;BB;24631;sithat@wosak.mm;(321) 666-2696
383;Myrtle;Cruz;Female;11/7/1994;Paut Street;Hunidavi;KS;VN;14675;ah@ca.gf;(371) 552-3777
384;Jeanette;Zimmerman;Male;7/11/1990;Ziise Turnpike;Gignorez;HI;UG;71829;ta@elusaku.gy;(258) 784-9166
385;Walter;Moody;Female;3/16/1974;Vakof Grove;Nanbeob;UT;KZ;95874;pedop@jepbirca.gi;(407) 227-4410
386;Lawrence;Wright;Female;6/24/1960;Tetog Heights;Nolujjo;MO;UG;57629;ednas@labuk.mc;(623) 738-1951
387;Edward;Thomas;Male;11/7/1976;Zepvu Plaza;Cecjegeh;AK;JE;58785;zu@gumug.tn;(486) 949-9818
388;Ricardo;Richards;Female;1/7/1965;Helav Square;Ohwapwow;MS;RS;00231;nuku@rormaz.be;(785) 950-9052
389;Viola;Yates;Female;6/19/1990;Joczu Mill;Kacsofug;VT;JP;10310;poim@vug.pt;(202) 588-5825
390;Aaron;Mendez;Male;6/13/1983;Ufav Manor;Ekemadef;NM;TM;13377;ufpi@po.th;(788) 430-4594
391;Lucas;Valdez;Male;5/2/1989;Tokuh Plaza;Huekapur;NC;TH;07246;we@hif.sl;(403) 344-9546
392;Jordan;Mitchell;Male;6/14/1978;Vevfu Key;Fosallu;PA;MM;60186;ki@gi.lr;(870) 477-1793
393;Vincent;Brown;Female;9/21/2000;Zuluz Point;Wufzuni;IN;TJ;54576;wosikka@opa.ag;(565) 446-6923
394;Trevor;Manning;Female;2/18/1984;Fuclar Highway;Karicca;OH;SG;07306;genamepat@wope.co;(871) 219-1330
395;Sara;Matthews;Female;6/11/1983;Cimu Trail;Gilzohec;MI;KI;71467;vedalu@pebud.as;(677) 997-5933
396;Johnny;Palmer;Male;6/11/1986;Kavi Center;Ofnone;TX;RS;43105;mirvomhu@nitiwu.tz;(762) 370-4402
397;Alvin;Parker;Male;5/13/1954;Dojbo Pike;Jalzomep;MO;GL;09968;zeeci@wabeh.bn;(933) 468-8023
398;Ivan;Collins;Male;3/3/1993;Fura Avenue;Ballerec;PA;DO;07699;kitag@ga.na;(722) 892-3071
399;Louise;Nelson;Male;3/3/1958;Sobuj Grove;Dufworva;VA;BF;93284;boh@werpabjov.sj;(711) 612-3038
400;Sarah;Frazier;Female;7/6/1996;Ivhi Path;Wuwajdod;CO;IL;25243;zu@gu.ua;(584) 872-6866
401;Harvey;Bradley;Female;2/1/1991;Samih Place;Sudalto;RI;MZ;29929;ge@golimco.sx;(540) 599-2268
402;Harry;Hammond;Male;9/7/1985;Hiha Street;Ewcajin;TN;XK;23698;dorfu@nevha.am;(904) 694-5915
403;Bertie;Page;Male;12/31/1985;Henzip Turnpike;Ketarof;NC;LC;36480;avdosu@lasnufus.fm;(200) 234-9637
404;Sam;Wheeler;Female;3/12/2000;Rizti Square;Menjucoc;ID;JM;21320;laefo@wuegumi.uk;(230) 493-1685
405;Hilda;Mendez;Male;6/4/1969;Nawdus Avenue;Oghato;CO;GL;98350;is@nusopu.cr;(214) 878-3047
406;Lida;Reed;Male;7/13/1975;Gorvip Extension;Norruik;OK;VC;63029;kocvul@dohhuho.fr;(540) 329-5637
407;Henry;Fernandez;Male;11/9/1992;Zujre Center;Emwubpew;AK;GI;72626;viw@ci.uk;(267) 622-6064
408;Lucinda;Roy;Male;9/24/1966;Tamar Point;Hiwewved;UT;AI;42173;wedoc@ta.ad;(582) 376-2553
409;Hallie;Vaughn;Female;8/2/1967;Dabtin Court;Howaene;MA;TA;64907;ta@ro.mo;(817) 251-7266
410;Elva;Ward;Female;7/14/1992;Maugi Terrace;Utfivam;NM;CG;40677;lof@unfa.ie;(349) 550-7549
411;Esther;Stewart;Female;9/26/1954;Ewunu Grove;Lakopub;MO;AG;73996;papruwum@ruttokobe.bd;(421) 809-3855
412;Lora;Goodwin;Male;3/16/1987;Agerif Street;Gahvupap;NY;VN;11813;locozu@fivitez.si;(655) 466-4657
413;Sophia;Mendoza;Male;6/6/1989;Kavaje Circle;Naimrik;CT;BF;02827;no@vojsonabi.kp;(480) 614-1834
414;Glen;Pierce;Female;5/1/1957;Amohu Trail;Ilecama;AZ;WS;62581;coh@vivmebu.pg;(951) 700-7375
415;Lina;Hoffman;Female;1/17/1989;Zecso Grove;Jiagoko;GA;SZ;48195;difguuwi@go.cu;(580) 759-4284
416;Polly;Bowen;Female;7/5/1978;Heci Park;Ogajoco;WA;VG;91818;huden@tav.na;(541) 781-1767
417;Erik;Hawkins;Male;5/29/1971;Igopo Extension;Bonaba;DC;BB;22856;nuhubju@bivojuc.ir;(719) 880-6686
418;Katie;Becker;Female;2/18/1992;Centid Lane;Bumnobam;NJ;LY;68633;irigu@lidat.ac;(485) 974-4216
419;Anthony;Ross;Female;12/17/1971;Fedrel Terrace;Osimecuta;IL;TM;18202;adipu@hauvtej.ky;(455) 849-7734
420;Gerald;Fields;Female;10/9/1964;Ihebej Lane;Apwewe;IN;TL;24533;nuilte@zelpowi.dm;(455) 444-6304
421;Augusta;Singleton;Male;10/7/1994;Raum Parkway;Coawaun;CA;ER;01229;pajof@nu.gs;(703) 745-7306
422;Elsie;Reynolds;Female;7/19/1982;Rusap Grove;Etetugfi;KS;SV;72515;isu@zed.ky;(383) 319-8017
423;Genevieve;Simmons;Female;10/12/1989;Tunfuw Court;Descaace;GA;MH;60952;matle@apvediw.se;(384) 462-7617
424;Teresa;Banks;Female;7/21/1997;Rufude River;Mautpuz;NY;WF;06033;vobzudgap@wuhpic.cw;(578) 883-4919
425;Annie;Schwartz;Male;12/6/1986;Dajti Mill;Hisnefpoz;CA;IN;24442;ek@zut.fr;(717) 624-8973
426;Phoebe;Daniels;Male;5/20/1997;Tuve Center;Juggoul;CO;AC;17895;gethiz@hawah.re;(342) 601-9752
427;Winnie;Ryan;Female;5/25/1992;Zadlot Road;Koivwa;MN;MW;33905;punfa@aco.gb;(286) 570-6072
428;Mayme;Norris;Female;5/2/1973;Uzdid Manor;Vieris;UT;CI;76897;gebpa@nitnu.yt;(586) 553-3309
429;Mitchell;Butler;Female;4/1/1957;Ivonel Turnpike;Vutzahkud;UT;KP;84730;dowibuj@dow.bi;(432) 231-9387
430;Ethan;Murray;Male;10/22/1954;Tendi Junction;Hidudsik;PA;TA;28428;ri@ragbaowu.ee;(438) 737-4914
431;Hattie;Marsh;Male;8/9/1953;Cuce Square;Haboji;IA;LS;87051;akorocviv@ziwzan.bv;(312) 414-7821
432;Brian;Morales;Female;8/24/1954;Getvur Point;Dubomuka;KY;MH;94721;nevobolo@vop.jp;(650) 573-1229
433;Theodore;Dean;Female;6/7/1957;Buwca Glen;Ojwondo;KS;CR;15433;bozute@ujehususu.ec;(675) 424-2627
434;Clayton;French;Male;3/21/1959;Camem Drive;Bibafiji;NV;TN;99181;valcu@hu.bh;(357) 562-2746
435;Hester;Rhodes;Female;2/7/1968;Bemop Plaza;Mafipuc;WV;NL;59119;gem@caviki.bm;(237) 552-1306
436;Marion;Barnett;Male;7/28/1953;Wija Loop;Wokribmip;CO;HR;97478;pizad@pan.ch;(450) 583-8100
437;Virgie;Gordon;Female;8/21/1978;Biti River;Tugwifa;NE;GB;15216;ce@tawuv.vc;(463) 296-9858
438;Ruby;Nunez;Female;6/10/1976;Hecda Key;Cavapu;IA;LR;95767;ofecuwa@zuk.fk;(658) 816-1256
439;Lester;Weaver;Female;2/18/1980;Jutiz Mill;Acgedbok;FL;VI;63152;bicep@zazsuvip.lc;(208) 602-8023
440;Winifred;Bailey;Female;3/11/1954;Ududes Drive;Guupebaz;AL;LC;29458;notwe@kug.ss;(583) 791-7705
441;Emma;Warren;Male;1/26/1984;Hiala Drive;Vebian;CA;HT;71638;sadiszop@idiamlav.la;(957) 898-2384
442;Rebecca;Rowe;Male;12/12/1981;Kagor Road;Padohek;NE;BH;65799;ahder@gamsa.bd;(436) 941-9700
443;Thomas;Henry;Female;12/20/1971;Veodo Pike;Odizatu;MS;YT;47014;padvepo@visomre.cg;(948) 786-8802
444;Marc;Guerrero;Female;1/23/1983;Bame Glen;Neidafo;IN;MM;19288;lu@marotutu.ge;(852) 948-1999
445;Amanda;Vargas;Male;10/25/1976;Izha View;Zalawu;RI;SL;49807;tupsif@icofed.ai;(706) 488-6278
446;Benjamin;Elliott;Male;3/19/1997;Rubob Highway;Iriruaba;SC;SV;63354;vowhudav@rakgiga.mh;(819) 964-5019
447;William;Stanley;Female;5/12/1958;Wiki Court;Podjuzom;VT;JO;18661;lurri@rozi.mg;(806) 657-1141
448;Craig;Luna;Female;2/15/1988;Vopgo Pike;Enogasa;DE;TM;88507;vujucki@povev.gu;(246) 814-2466
449;Phoebe;Adams;Female;10/5/1967;Zoheh Trail;Bejifo;ME;PK;82782;meahito@ah.cv;(818) 463-6944
450;Estella;Schneider;Male;3/8/1997;Zetu Manor;Selrarov;AL;AO;94275;da@ce.gp;(514) 265-9165
451;Jayden;Owens;Female;6/23/1988;Nukrer Heights;Tohogse;CT;LI;70008;hakocpo@ewo.co.uk;(669) 594-7099
452;Roger;Bennett;Male;9/25/1970;Taze Terrace;Luucail;KY;AO;81142;enfo@sikwaw.it;(538) 801-3450
453;Rosa;Craig;Male;4/9/1985;Itfof Place;Gohebta;WV;KG;32925;hiof@bevbula.iq;(623) 727-5934
454;Lenora;Caldwell;Male;11/5/1960;Bocemi River;Zozoni;IA;IR;37058;talfujpen@eco.sa;(766) 981-2323
455;Nina;Klein;Female;4/19/1999;Zoilo Park;Cikujaf;AR;FJ;43158;mijdaviw@wasib.ss;(476) 822-4218
456;Ricky;Hall;Male;9/30/1988;Dajlem Center;Selemte;PA;CU;32692;morid@riku.tc;(662) 850-3104
457;Rosalie;Russell;Female;8/28/1953;Mived View;Hitike;RI;SX;53509;pino@eputunev.ky;(685) 600-4660
458;Steve;Hanson;Female;2/3/1991;Idap Center;Rapupem;RI;TA;11070;ibi@bergef.ws;(778) 410-2567
459;Alta;Maldonado;Male;5/6/1990;Luzup Trail;Covifiv;KY;LS;05734;kif@zenobpen.mq;(625) 666-9811
460;Isabel;Baldwin;Male;11/9/1992;Hiebo Glen;Jitoemu;WV;PS;31051;ut@tibib.ga;(556) 600-9577
461;Jack;Moody;Female;4/15/2000;Inazim Manor;Izkudad;MA;BT;61534;niz@ep.gb;(688) 918-3696
462;Bertha;Watkins;Female;4/29/1955;Pebab Heights;Diwwibuk;NC;TH;36024;bifkegep@liiwtew.sy;(866) 538-4233
463;Georgie;Caldwell;Female;2/24/1975;Wuto Point;Fidhagiva;GA;VC;58502;tib@sazez.sc;(459) 546-5252
464;Victoria;Lloyd;Male;2/6/1989;Ikaha Center;Zemgubew;TX;IS;95015;jimkas@uzimo.sx;(424) 615-4696
465;Katie;Coleman;Female;5/24/1989;Imucoh Lane;Jenpiret;MD;MM;98911;efcerfij@ziffofe.sk;(617) 701-2639
466;Rosie;Kelly;Male;4/14/1993;Foje Parkway;Pamovi;IA;KW;45810;aha@ezi.ee;(406) 433-6545
467;Dorothy;Patton;Male;6/11/1974;Arri Circle;Obiivone;GA;PE;08564;me@hohag.cz;(654) 799-6147
468;Violet;Webster;Male;3/22/1993;Tehi Highway;Goraraehe;SD;BL;41915;or@soteg.us;(559) 896-4286
469;Louis;Little;Female;5/17/1993;Gopan Path;Rirituk;VA;GY;63727;hez@awbura.aw;(827) 984-7251
470;Brian;Davidson;Female;7/21/1975;Galten Lane;Recparu;NV;BT;31468;hiz@jigulisa.gov;(469) 238-1176
471;Anthony;Gibson;Female;8/4/1982;Wogsi Plaza;Kawpoil;IL;NR;66204;anibo@ihkese.er;(250) 741-3454
472;Effie;Mathis;Female;1/30/2000;Ropjih Lane;Nidaza;RI;MT;08715;ehzo@egodugak.eg;(757) 497-8156
473;Sarah;Murray;Male;10/15/1953;Watu Pass;Lurkenpu;NJ;KM;34127;ebezu@waozecik.mm;(551) 412-1761
474;Ruth;Marshall;Female;12/9/1955;Punu Pass;Gojuefo;AK;NU;55766;idaloh@cob.gs;(449) 578-6087
475;Darrell;Hicks;Male;7/30/1992;Okobe Point;Sepkomic;RI;SA;06791;ludcud@hurfe.bt;(485) 803-7308
476;Lou;Hubbard;Male;7/2/1999;Mufa Glen;Nomijuhuz;TX;TA;61277;darcisofi@jota.ga;(406) 914-8516
477;Bessie;Lopez;Female;9/6/1988;Tuko Court;Ijtizav;MD;US;01626;cot@evoad.pa;(912) 793-1711
478;Elizabeth;Frazier;Female;11/4/1953;Adipa Pass;Azuefizu;AK;CM;34191;rufpis@tec.gg;(804) 930-5670
479;Myra;Bradley;Male;2/13/1971;Ipoku Glen;Wugsugmu;ME;MO;17963;omdubdiw@wi.co.uk;(470) 209-8970
480;Loretta;Greer;Male;6/24/1990;Deso Street;Bojlalri;MS;LS;57577;wibiv@gimu.ir;(848) 248-4842
481;Cory;Mathis;Female;9/11/1974;Jozu Court;Duvowa;MO;TK;66953;inbo@dusfa.cn;(961) 974-9196
482;Stephen;Glover;Female;4/24/1984;Giju Grove;Roanru;UT;GI;53443;nuzdi@hecetaj.et;(314) 389-8105
483;Clyde;Buchanan;Male;5/24/1994;Bimzu Court;Tubuzok;AK;NL;35065;ped@sirsaljat.nf;(619) 467-3927
484;Hunter;Pierce;Male;1/18/1974;Biduh Heights;Ocikiwo;MI;AG;74261;gejnem@ro.kw;(623) 753-4514
485;Shane;Johnston;Male;5/16/1992;Gafbo Mill;Lalnegne;IA;DG;02142;lufo@no.mr;(943) 928-4744
486;Stephen;Hayes;Female;2/24/1972;Givu Parkway;Rilafte;CO;SC;67986;jas@ibiucaage.ml;(758) 581-7751
487;Ida;Becker;Female;6/1/1965;Hepla Pike;Nitihosug;NH;MS;77627;momrepo@abmuiw.aq;(913) 455-5034
488;Evan;Bennett;Male;7/2/1966;Aronok Avenue;Rezevwuc;IA;LB;25219;nelhe@ezzemmap.tk;(459) 877-6732
489;Amanda;West;Male;11/6/1962;Nocbam Terrace;Wiemezi;SC;BZ;50592;waed@riva.li;(285) 458-2912
490;Elizabeth;Burgess;Female;9/6/1972;Solca Mill;Ijuzaava;CT;TW;84943;baropna@unje.ba;(375) 881-5485
491;Emily;Buchanan;Female;4/10/1969;Ficni Pass;Bodevez;AK;NP;11665;be@giga.ke;(476) 287-9081
492;Ruby;Garrett;Male;4/26/1976;Waet Parkway;Vemlanok;RI;AF;78570;sahoza@uhesam.au;(275) 208-7108
493;Troy;Murphy;Female;11/26/1978;Ibde Road;Savresut;NE;CZ;64638;puasauw@co.sy;(866) 863-9414
494;Andre;Drake;Female;3/19/1991;Lowa Terrace;Onozovob;VT;BE;66986;zar@ta.ga;(667) 638-7655
495;Sara;Robertson;Female;5/3/1993;Difico Turnpike;Kerubem;IL;EA;16978;mod@coaf.bt;(624) 797-3728
496;Stanley;Singleton;Male;7/24/1956;Fiznuz Way;Ohidelac;NM;MM;10078;dejeh@huj.kh;(238) 890-3932
497;Maude;Frazier;Female;5/14/1998;Puzsev Junction;Dirpobir;FL;DZ;28495;de@naccolkuk.ad;(455) 212-1740
498;Luis;Hunter;Male;5/23/1977;Hiloc Boulevard;Dogenob;KS;NF;96973;nunteb@lu.is;(927) 498-6710
499;Jeffrey;Kim;Male;3/15/1983;Uselod Extension;Leczosset;HI;BM;47072;muz@bigrulju.bn;(501) 749-3540
500;Corey;Ray;Female;4/10/1987;Zouge Point;Mizjazto;VT;SO;19670;piasagov@girvekah.bm;(731) 397-9666
501;Bertie;Logan;Female;1/9/1992;Jirvef Center;Uhiwuzkul;GA;AO;77106;konor@zultiw.ie;(646) 714-3758
502;Luella;Taylor;Male;12/20/1960;Azama Boulevard;Wipnelaw;AK;AZ;29821;loteh@pigof.gb;(984) 625-6496
503;Belle;Farmer;Female;7/13/1958;Facib Way;Ruaglav;PA;TV;40211;ti@mubpes.ky;(272) 278-2413
504;Jorge;Reynolds;Female;11/1/1966;Konot Plaza;Oveupol;ME;PE;95922;bib@mep.gr;(431) 529-8280
505;Ronald;Nunez;Female;2/19/1991;Oseepu Path;Notelaj;OR;IQ;36309;pan@dumneid.ai;(789) 539-8385
506;Lawrence;Cox;Female;11/5/1953;Fobad Parkway;Roagmut;VA;IN;62109;fesuv@rurdakuru.co;(750) 324-6761
507;Fred;Padilla;Male;2/8/1996;Azhed Manor;Guewiro;NJ;AT;85967;osrit@kuv.kn;(410) 819-9536
508;Myrtle;Davidson;Female;11/12/1997;Esino Road;Hoisiep;WV;NR;22618;bof@vabe.sm;(280) 962-3764
509;Addie;Wong;Female;2/12/1978;Loam Manor;Akvitre;ND;IQ;28830;kab@ordok.sa;(866) 834-9310
510;Henrietta;Garza;Male;7/5/1973;Humo Path;Zepkartal;TX;KG;85423;omahi@nega.hk;(706) 663-1586
511;Isaiah;Wallace;Female;12/4/1993;Lawnel Path;Lupurpod;PA;MH;77951;ciehta@zil.cg;(944) 985-9466
512;Patrick;Roberts;Female;11/22/1987;Toiwo Mill;Ropabikug;MI;UA;85394;wi@ro.wf;(806) 709-2749
513;Maria;Green;Male;5/17/1993;Vilmi Circle;Vucuebo;MI;MM;36020;ilwad@kikpatot.mg;(525) 865-7245
514;Hallie;Tate;Male;6/20/1974;Supnu Mill;Hovhoda;SD;BY;31640;puhiz@pompi.wf;(485) 841-6731
515;Lydia;Allison;Male;8/14/1989;Tewuk Circle;Hinotom;SC;AZ;33140;bunaw@runjeb.fk;(366) 619-9376
516;Lillian;Willis;Female;8/15/1967;Cudu Place;Ecusunmo;VT;GD;61212;cu@baj.ly;(271) 915-5374
517;Lina;Stevens;Male;2/8/1969;Ifhig Center;Hecuuh;HI;DM;04453;piri@os.sb;(716) 439-7985
518;Lois;Meyer;Male;8/2/1986;Nuta Center;Ducurulih;PA;SD;45290;avmadbo@gomop.aw;(421) 779-9339
519;Mae;Crawford;Female;8/21/1994;Vapu Parkway;Zapeheb;NH;MM;59394;parod@hehuad.uk;(425) 341-3751
520;Frank;Schneider;Male;3/16/2000;Ibre View;Hirbiudi;MS;AX;32044;rewufa@rozugge.ss;(932) 987-3218
521;Earl;Park;Male;2/24/1953;Bazaf Center;Roumke;OR;TH;44617;debic@kiwfuju.by;(557) 648-5959
522;Gordon;Mack;Male;5/15/1961;Zebru River;Hezovwew;IL;WF;19276;to@jaszejem.kz;(587) 629-6429
523;Elizabeth;Hawkins;Male;8/6/1960;Nalag View;Hamveltew;AL;GB;38548;riija@sehdiwij.it;(579) 676-9208
524;Jesse;Harvey;Female;9/8/1960;Inrev Loop;Motijhod;NV;NG;50632;vujcade@ulnu.bo;(285) 888-4063
525;Bertha;Barker;Male;3/29/1954;Kihces Point;Rezbeegu;MD;CF;16180;cacev@nijfof.ki;(561) 449-6727
526;Madge;Wise;Female;4/25/1994;Koce Pass;Adsuda;KY;NC;65803;uceh@toj.zw;(951) 241-6578
527;Jesse;Ingram;Female;6/23/1990;Owvew Extension;Amsozuj;SC;PH;56928;koezu@rasup.vi;(685) 973-9473
528;Jeremiah;Fleming;Female;9/28/1991;Zowi Center;Jehgovzot;MT;WF;26214;cuzedgij@tes.bd;(910) 390-6545
529;Hallie;Allison;Female;10/2/1970;Daspa Key;Kotfekoke;NM;TW;90385;gepeze@jozo.sa;(242) 796-4751
530;Francis;Diaz;Female;5/5/1961;Gepnen Road;Bafawe;AK;SO;26880;busoleg@pe.fi;(241) 363-5555
531;Connor;Simon;Male;1/31/1970;Kifizo Highway;Cesabzo;MT;BH;43830;uwopozned@je.cy;(370) 536-9043
532;Mattie;Haynes;Male;12/26/1965;Uzfuj Park;Lidwabuj;CA;AC;05434;won@jer.mr;(318) 247-6807
533;Cameron;Dawson;Female;12/5/1971;Efihah Loop;Meahkoj;MN;AR;18892;dod@aki.cf;(833) 647-9531
534;Joel;Santos;Male;5/5/1963;Zodo Loop;Latevub;NV;MK;13505;suf@ragdimwim.sx;(816) 401-7885
535;Sophia;Erickson;Male;9/26/1954;Godeh Pike;Nosoav;TX;BL;84667;newuva@wejawiv.ne;(553) 945-8060
536;Eleanor;Delgado;Male;6/23/1981;Wufgej Park;Gabtusgud;OR;MG;65298;vifes@bagaz.is;(354) 469-7206
537;Jerry;Cross;Male;12/15/1975;Mavjuz Heights;Upunomud;NJ;IL;68487;muse@ehva.va;(949) 855-8922
538;Lida;Baker;Male;6/12/1978;Sove Square;Rargapan;VT;AX;23316;ilijujkak@cal.sm;(355) 790-8206
539;Bessie;McCoy;Female;2/4/1972;Azleh Place;Buoher;MN;ZM;97673;zalhevocu@gouliza.np;(849) 309-9778
540;Olga;Zimmerman;Male;5/14/1970;Riku Avenue;Meodedu;MD;BF;18956;huspeki@zab.nl;(871) 979-2746
541;Herbert;Burton;Male;8/27/1999;Bavfij Trail;Bereol;ID;TN;26154;tabuw@raj.net;(774) 647-2185
542;Carrie;Roberson;Female;8/7/1957;Aktel Terrace;Ugnovbu;PA;AX;32802;tigo@covihsat.ni;(704) 351-6751
543;Fanny;Jensen;Female;9/2/1980;Nasib Drive;Pejivgup;WA;US;90082;sa@hevkorih.vu;(814) 644-8940
544;Sue;Munoz;Male;3/17/1963;Upowi Terrace;Ginwiktuc;DC;SZ;80971;dallubzo@fe.np;(613) 635-8199
545;Jackson;McKenzie;Female;12/30/1965;Doeta Key;Mibkullep;NV;TN;00448;ubbite@mef.lc;(335) 224-1969
546;Fred;Fleming;Male;5/10/1987;Sawiw Pass;Luvmazal;TX;TO;89930;mecanag@koreh.au;(719) 977-8507
547;Ina;Haynes;Male;3/7/1991;Zupji Terrace;Dastowa;NC;IE;29586;momoifo@sak.va;(234) 303-6645
548;Gussie;Blake;Male;6/14/1992;Bonja Highway;Wuomfu;NV;MG;85607;epuid@dajuaf.dj;(488) 613-3307
549;Nelle;Johnson;Female;9/7/1996;Unho Trail;Wivuvhu;VT;SJ;99497;mukin@akhod.tf;(968) 252-7581
550;Austin;Rivera;Male;6/5/1986;Soase Extension;Mikjigi;HI;UG;38640;habar@ninala.ge;(832) 266-1428
551;Jason;Jennings;Female;4/13/1963;Ahiud River;Hitepza;AR;BH;52484;eh@deme.pa;(571) 763-6960
552;Lela;Page;Male;11/24/1960;Bulo Pike;Vufupbo;HI;HT;01957;lunowcop@ivmo.ml;(420) 263-3874
553;Angel;Norris;Male;3/5/1976;Liigi Glen;Bekepu;TX;MH;45230;kurvouc@cupdajib.sd;(387) 784-5716
554;Hester;Cunningham;Male;10/25/2000;Atelil Pass;Akrihuba;DE;HR;28370;gawserega@anin.tm;(607) 557-6964
555;Lillie;Norris;Male;11/29/1979;Zefi View;Bezaknuz;WY;KY;79817;ulnol@efaidedu.gi;(984) 212-6918
556;Frederick;Lyons;Female;11/12/1985;Tomal Grove;Pezjunir;MA;OM;96877;pemeju@sudgun.lu;(829) 762-3752
557;Nell;Lowe;Male;11/30/1993;Vuud Extension;Sapevho;NJ;RE;53828;vebnuwfor@noapozo.lv;(437) 258-5110
558;Henrietta;Cox;Female;12/23/1980;Ilepu Court;Bemzatko;GA;BZ;20138;culi@isri.sm;(221) 499-1199
559;Christopher;Edwards;Female;11/10/1956;Ehoimi Way;Togvalbe;HI;AX;91408;lere@firud.lc;(473) 558-5057
560;Christine;Marshall;Female;2/26/1995;Zisog Ridge;Wowegrow;PA;AZ;08771;jiiv@kagew.ng;(834) 722-9648
561;Danny;Reyes;Female;1/11/1979;Vuwer Pass;Giraipo;CT;FO;57658;usmoluz@weckevma.pa;(330) 581-3293
562;Tommy;Delgado;Female;2/14/1998;Fecop Junction;Denhihha;IN;UZ;38282;neshe@japdil.kz;(859) 783-8564
563;Walter;Spencer;Male;9/27/1959;Mudni Path;Ferseduf;CO;KW;81736;peoto@bawata.gw;(602) 305-1890
564;Alice;Schultz;Female;4/14/1990;Idlo Place;Uhubimi;PA;UG;61036;nikog@emkekow.eg;(978) 382-5087
565;Effie;Lopez;Male;1/9/1968;Cufho Park;Kulocsu;ME;LI;36418;ta@or.kp;(883) 201-6495
566;Cory;Fowler;Male;1/15/1971;Elav Extension;Ifotacbe;WI;LR;66169;rigin@ba.vc;(211) 501-4047
567;Hunter;Arnold;Male;10/2/1972;Wesod Plaza;Upsuzav;MO;MN;79457;luveza@iroro.gp;(529) 411-7560
568;Tom;Mitchell;Female;7/9/1954;Buko Glen;Ofvizko;LA;MV;47387;camuhi@ohigi.dk;(360) 534-7646
569;Fanny;Perkins;Male;1/4/1963;Alodi Road;Secutog;AK;IE;80928;iwarogsi@lajbus.tg;(321) 202-3639
570;Mable;Cooper;Female;11/13/1987;Ukobe Trail;Ifdihul;ME;GE;91618;petuwbaz@polemru.tc;(904) 925-2553
571;Henry;Vega;Male;8/29/1967;Zohru Trail;Retidze;TX;EG;55142;fo@av.eg;(564) 724-6402
572;Eula;Barrett;Female;12/24/1981;Buvpo Place;Arselne;ND;BA;81859;babowe@el.st;(352) 760-3546
573;Donald;Lopez;Male;2/5/1998;Wepfi Manor;Woptabcuf;MT;TG;91107;olitinkek@juegu.eh;(871) 640-6766
574;Ellen;Coleman;Female;9/22/1954;Fupkap Manor;Nednihgah;OK;MO;83984;bizfuvra@debbaf.ro;(439) 768-7265
575;Travis;Howell;Female;10/22/1988;Kekbi Square;Jalfetfe;WA;QA;42675;ronal@vuv.ca;(888) 257-9057
576;Harvey;Stanley;Female;11/14/1956;Wossem Lane;Fimfuag;PA;HT;51419;eca@encum.ky;(307) 786-2694
577;Rebecca;Wise;Male;6/11/1991;Amazus Road;Uwineari;IL;EA;82912;vaekoah@la.pa;(323) 699-6484
578;Ricardo;Edwards;Female;12/19/1966;Hufo Street;Cezivba;MT;MH;54932;wotepwin@wobapow.org;(380) 618-9274
579;Sue;Ryan;Female;1/8/1982;Vatim Glen;Cipasuci;CT;ER;75233;bikwo@wupsuv.se;(376) 527-2323
580;Hallie;Garrett;Male;12/8/1967;Dapo Extension;Urudaftum;AZ;AO;16584;cagej@mog.tc;(980) 217-6575
581;Joel;Griffin;Male;12/20/1990;Tumci Key;Eklabjez;MN;CC;07814;ji@ce.ke;(919) 821-5781
582;Jim;Baker;Female;7/18/1988;Somi Park;Uricuwro;IL;IO;23238;wut@dog.tl;(540) 608-5288
583;Daisy;Robinson;Female;5/15/1969;Kargi Way;Errisud;NM;PS;56656;jipegkor@jol.sx;(351) 558-6714
584;Lily;Thomas;Female;8/24/1958;Zimen Heights;Moodoma;WY;IL;81310;mipjab@kenfe.az;(978) 737-7695
585;Jim;Walton;Male;11/10/1979;Meuvu Circle;Huketus;LA;SZ;77942;oknak@bifza.tj;(428) 955-9816
586;Louis;Russell;Female;3/6/1994;Wezli Street;Rezmofli;OR;CM;01827;wopowu@cabozul.ws;(968) 970-7050
587;Derek;Steele;Male;12/24/2000;Dafge Manor;Imsolic;AK;BM;18433;ubosah@ihisais.gr;(802) 277-4812
588;Gussie;Ward;Male;12/14/1971;Igor Terrace;Bifujaw;IA;HN;31985;go@fupjatros.bd;(908) 329-2227
589;Isabel;Delgado;Female;11/7/1984;Rozon Street;Ujokitdu;NY;PY;31392;jurur@dutwipte.tt;(673) 664-7819
590;Wesley;Tran;Male;2/15/1955;Vutif Place;Empoafe;TN;CZ;56350;vikdovjo@fe.md;(482) 281-7369
591;Michael;Hart;Male;3/23/1972;Cejuh Drive;Esoutitid;PA;OM;17661;nuh@luzorrin.bg;(370) 707-6495
592;Francis;Cross;Female;11/15/1976;Keuvo View;Hovgoke;OH;AQ;88632;avetun@gon.pk;(508) 307-9088
593;David;Crawford;Female;7/4/1986;Nijuc Highway;Hudaeca;DC;AT;90923;jaef@fod.ss;(334) 303-5747
594;Rebecca;Fields;Male;2/18/1988;Reuto Lane;Inumufad;OR;HR;27550;riwjil@dal.gb;(822) 689-1235
595;Mittie;Love;Male;6/24/1971;Surtan Mill;Buzadu;UT;MU;99985;daewava@to.ls;(956) 932-7524
596;Madge;Burke;Male;3/6/1998;Reote Terrace;Wabjojtuj;NE;MX;83990;toso@ja.vc;(970) 246-4353
597;Oscar;Vega;Female;7/14/1960;Ravuc Trail;Kevmejdit;NC;TA;29020;namajwi@wawi.ht;(462) 389-7810
598;Jared;Craig;Male;6/28/1963;Sukid Drive;Mogotobe;VT;UY;09388;izcur@ujo.gg;(947) 599-3138
599;Alan;Fleming;Female;8/16/1998;Kalsi Circle;Utisoem;WA;BI;74545;veenonal@beniwipor.sv;(458) 968-6158
600;Jeremy;Wright;Male;5/31/1976;Vejcav Street;Veenfak;NC;IT;86127;hur@tibedu.sz;(878) 312-6347